{
    "1": {
        "train": {
            "total": 1181.892416401274,
            "detection": 0.22416891110171178,
            "reconstruction": 0.0001157114080562713
        },
        "val": {
            "total": 173.68260192871094,
            "detection": 6.590921878814697,
            "reconstruction": 0.0011528398608788848
        }
    },
    "2": {
        "train": {
            "total": 122.89693222531847,
            "detection": 0.1602655155643536,
            "reconstruction": 7.348430526863997e-05
        },
        "val": {
            "total": 104.24453735351562,
            "detection": 4.3435773849487305,
            "reconstruction": 0.0007362643955275416
        }
    },
    "3": {
        "train": {
            "total": 87.8148138933121,
            "detection": 0.1349726391446059,
            "reconstruction": 5.664923791862597e-05
        },
        "val": {
            "total": 91.01744079589844,
            "detection": 4.0573811531066895,
            "reconstruction": 0.0005562718724831939
        }
    },
    "4": {
        "train": {
            "total": 76.26810061703821,
            "detection": 0.12463083692417024,
            "reconstruction": 4.57029113439238e-05
        },
        "val": {
            "total": 83.0032730102539,
            "detection": 3.545051336288452,
            "reconstruction": 0.000455029949080199
        }
    },
    "5": {
        "train": {
            "total": 69.09725194068471,
            "detection": 0.07507125587220405,
            "reconstruction": 3.18487406156625e-05
        },
        "val": {
            "total": 80.68750762939453,
            "detection": 3.2633156776428223,
            "reconstruction": 0.0003375462256371975
        }
    },
    "6": {
        "train": {
            "total": 63.27721934713376,
            "detection": 0.0805820295005847,
            "reconstruction": 2.2648977542853658e-05
        },
        "val": {
            "total": 71.44367980957031,
            "detection": 2.7642030715942383,
            "reconstruction": 0.00024627248058095574
        }
    },
    "7": {
        "train": {
            "total": 56.732751542595544,
            "detection": 0.1048604880168939,
            "reconstruction": 1.73475439096712e-05
        },
        "val": {
            "total": 65.22162628173828,
            "detection": 2.5824196338653564,
            "reconstruction": 0.00021126701903995126
        }
    },
    "8": {
        "train": {
            "total": 52.363362111863054,
            "detection": 0.10617039917380947,
            "reconstruction": 1.5255572440423024e-05
        },
        "val": {
            "total": 67.98636627197266,
            "detection": 2.6550521850585938,
            "reconstruction": 0.00019116340263281018
        }
    },
    "9": {
        "train": {
            "total": 48.55981911823248,
            "detection": 0.08003869026329867,
            "reconstruction": 1.3385104478164843e-05
        },
        "val": {
            "total": 95.81263732910156,
            "detection": 3.802443265914917,
            "reconstruction": 0.00020043799304403365
        }
    },
    "10": {
        "train": {
            "total": 55.263566132563696,
            "detection": 0.08154421399353416,
            "reconstruction": 1.303320839574003e-05
        },
        "val": {
            "total": 61.01220703125,
            "detection": 2.162789821624756,
            "reconstruction": 0.0001794251293176785
        }
    },
    "11": {
        "train": {
            "total": 41.878162942874205,
            "detection": 0.06663590327949281,
            "reconstruction": 1.1552101487566712e-05
        },
        "val": {
            "total": 58.328773498535156,
            "detection": 2.572566032409668,
            "reconstruction": 0.0001814182905945927
        }
    },
    "12": {
        "train": {
            "total": 38.18854187400478,
            "detection": 0.062454345119986564,
            "reconstruction": 1.1266096477295942e-05
        },
        "val": {
            "total": 66.39309692382812,
            "detection": 2.8698840141296387,
            "reconstruction": 0.0001726164045976475
        }
    },
    "13": {
        "train": {
            "total": 34.0965241839172,
            "detection": 0.07979710086895402,
            "reconstruction": 1.0139902068930826e-05
        },
        "val": {
            "total": 97.48052978515625,
            "detection": 3.9344234466552734,
            "reconstruction": 0.0001735797559376806
        }
    },
    "14": {
        "train": {
            "total": 30.803878881369428,
            "detection": 0.04469841452920513,
            "reconstruction": 8.901719828462524e-06
        },
        "val": {
            "total": 56.227718353271484,
            "detection": 2.5577945709228516,
            "reconstruction": 0.00014226711937226355
        }
    },
    "15": {
        "train": {
            "total": 26.92688221536624,
            "detection": 0.04401753662498134,
            "reconstruction": 8.817944545180176e-06
        },
        "val": {
            "total": 67.93627166748047,
            "detection": 2.666626453399658,
            "reconstruction": 0.00017245238996110857
        }
    },
    "16": {
        "train": {
            "total": 24.26368120521497,
            "detection": 0.035793082729266706,
            "reconstruction": 7.584217229893632e-06
        },
        "val": {
            "total": 55.11415100097656,
            "detection": 2.6389973163604736,
            "reconstruction": 0.00012710281589534134
        }
    },
    "17": {
        "train": {
            "total": 21.953182536325638,
            "detection": 0.0292157731997739,
            "reconstruction": 7.220130164627057e-06
        },
        "val": {
            "total": 60.537750244140625,
            "detection": 2.2952685356140137,
            "reconstruction": 0.00013221363769844174
        }
    },
    "18": {
        "train": {
            "total": 20.31965005473726,
            "detection": 0.023355465785712952,
            "reconstruction": 7.26586655612774e-06
        },
        "val": {
            "total": 62.91709518432617,
            "detection": 3.454528570175171,
            "reconstruction": 0.00016535987379029393
        }
    },
    "19": {
        "train": {
            "total": 18.44822663714172,
            "detection": 0.033991673949417794,
            "reconstruction": 6.778433379141768e-06
        },
        "val": {
            "total": 58.97194290161133,
            "detection": 2.7652549743652344,
            "reconstruction": 0.0001229855843121186
        }
    },
    "20": {
        "train": {
            "total": 23.22020084842755,
            "detection": 0.02108259869229262,
            "reconstruction": 6.425073577957168e-06
        },
        "val": {
            "total": 85.46055603027344,
            "detection": 3.3745856285095215,
            "reconstruction": 0.00013593942276202142
        }
    }
}