{
    "1": {
        "Validation": {
            "Detection": 160.54197692871094,
            "Reconstruction": 0.01276686042547226,
            "Total": 160.60581970214844
        }
    },
    "2": {
        "Validation": {
            "Detection": 105.90376281738281,
            "Reconstruction": 0.005240264348685741,
            "Total": 105.92996978759766
        }
    },
    "3": {
        "Validation": {
            "Detection": 97.5617446899414,
            "Reconstruction": 0.0026114434003829956,
            "Total": 97.57479858398438
        }
    },
    "4": {
        "Validation": {
            "Detection": 81.23280334472656,
            "Reconstruction": 0.001640120055526495,
            "Total": 81.24099731445312
        }
    },
    "5": {
        "Validation": {
            "Detection": 192.0334930419922,
            "Reconstruction": 0.0015702492091804743,
            "Total": 192.0413360595703
        }
    },
    "6": {
        "Validation": {
            "Detection": 143.3909149169922,
            "Reconstruction": 0.0010613336926326156,
            "Total": 143.39620971679688
        }
    },
    "7": {
        "Validation": {
            "Detection": 65.68719482421875,
            "Reconstruction": 0.0007747764466330409,
            "Total": 65.69107055664062
        }
    },
    "8": {
        "Validation": {
            "Detection": 60.526859283447266,
            "Reconstruction": 0.0006621534703299403,
            "Total": 60.530174255371094
        }
    },
    "9": {
        "Validation": {
            "Detection": 61.466129302978516,
            "Reconstruction": 0.0005987097974866629,
            "Total": 61.469120025634766
        }
    },
    "10": {
        "Validation": {
            "Detection": 50.40785598754883,
            "Reconstruction": 0.0005379081703722477,
            "Total": 50.410545349121094
        }
    }
}